{"cameraMode":{"drawMode":0,"name":"Shaded","section":"Shading Mode"},"sceneLighting":false,"audioPlay":false,"sceneViewState":{"showFog":true,"showMaterialUpdate":false,"showSkybox":false,"showFlares":true,"showImageEffects":true,"showParticleSystems":true},"in2DMode":false,"pivot":{"x":1701.871337890625,"y":125.9247817993164,"z":26.72315216064453},"rotation":{"x":0.2885091006755829,"y":-0.029561342671513559,"z":0.008895210921764374,"w":0.9569860696792603},"size":223.60679626464845,"orthographic":false}