{"cameraMode":{"drawMode":0,"name":"Shaded","section":"Shading Mode"},"sceneLighting":true,"audioPlay":false,"sceneViewState":{"showFog":true,"showMaterialUpdate":false,"showSkybox":true,"showFlares":true,"showImageEffects":true,"showParticleSystems":true},"in2DMode":false,"pivot":{"x":35.1298828125,"y":26.955556869506837,"z":0.7057162523269653},"rotation":{"x":0.007863085716962815,"y":0.6896772384643555,"z":-0.007419340778142214,"w":0.7241089344024658},"size":14.296768188476563,"orthographic":false}