{"cameraMode":{"drawMode":0,"name":"Shaded","section":"Shading Mode"},"sceneLighting":true,"audioPlay":false,"sceneViewState":{"showFog":true,"showMaterialUpdate":true,"showSkybox":true,"showFlares":true,"showImageEffects":true,"showParticleSystems":true},"in2DMode":false,"pivot":{"x":291.7358093261719,"y":412.34124755859377,"z":-7.840721130371094},"rotation":{"x":0.11758658289909363,"y":0.8650465607643127,"z":0.23909707367420197,"w":-0.4252147674560547},"size":118.61637878417969,"orthographic":false}